{"cameraMode":{"drawMode":0,"name":"Shaded","section":"Shading Mode"},"sceneLighting":true,"audioPlay":false,"sceneViewState":{"showFog":true,"showMaterialUpdate":false,"showSkybox":true,"showFlares":true,"showImageEffects":true,"showParticleSystems":true},"in2DMode":false,"pivot":{"x":-3.0165891647338869,"y":0.9084663391113281,"z":1.895664095878601},"rotation":{"x":0.04429582506418228,"y":-0.7209608554840088,"z":0.046270839869976047,"w":0.6900482177734375},"size":2.3198838233947756,"orthographic":true}